INSERT INTO StatTypes VALUES('G', 'Гол');
INSERT INTO StatTypes VALUES('A', 'Асистенция');
INSERT INTO StatTypes VALUES('R', 'Червен Картон');
INSERT INTO StatTypes VALUES('Y', 'Жълт Картон');
INSERT INTO StatTypes VALUES('OG', 'Автогол');
INSERT INTO StatTypes VALUES('IN', 'Смяна влиза');
INSERT INTO StatTypes VALUES('OUT', 'Смяна излиза');

INSERT INTO Positions VALUES('GK', 'Вратар');
INSERT INTO Positions VALUES('RB', 'Десен защитник');
INSERT INTO Positions VALUES('LB', 'Ляв защитник');
INSERT INTO Positions VALUES('CB', 'Централен защитник');
INSERT INTO Positions VALUES('RM', 'Десен полузащитник');
INSERT INTO Positions VALUES('LM', 'Ляв полузащитник');
INSERT INTO Positions VALUES('CM', 'Полузащитник');
INSERT INTO Positions VALUES('CF', 'Централен нападател');

INSERT INTO Players(Name, Num, PositionCode) VALUES ('Ivaylo Trifonov', 1, 'GK');
INSERT INTO Players(Name, Num, PositionCode) VALUES ('Valko Trifonov', 2, 'RB');
INSERT INTO Players(Name, Num, PositionCode) VALUES ('Ognyan Yanev', 3, 'CB');
INSERT INTO Players(Name, Num, PositionCode) VALUES ('Zahari Dragomirov', 4, 'CB');
INSERT INTO Players(Name, Num, PositionCode) VALUES ('Timotei Zahariev', 6, 'CM');
INSERT INTO Players(Name, Num, PositionCode) VALUES ('Marin Valentinov', 7, 'CM');
INSERT INTO Players(Name, Num, PositionCode) VALUES ('Mitre Cvetkov', 99, 'CF');
INSERT INTO Players(Name, Num, PositionCode) VALUES ('Bozhidar Chilikov', 5, 'LB');
INSERT INTO Players(Name, Num, PositionCode) VALUES ('Zlatkov Genov', 9, 'CF');
INSERT INTO Players(Name, Num, PositionCode) VALUES ('Sergei Zhivkov', 11, 'LM');
INSERT INTO Players(Name, Num, PositionCode) VALUES ('Matey Goranov', 10, 'RM');

INSERT INTO Tournaments(Name) VALUES('Шампионска лига');
INSERT INTO Tournaments(Name) VALUES('Първа лига');
INSERT INTO Tournaments(Name) VALUES('Купа на България');
INSERT INTO Tournaments(Name) VALUES('Суперкупа на България');
INSERT INTO Matches(MatchDate, TournamentId) VALUES('2018-04-08', 2);
INSERT INTO Matches(MatchDate, TournamentId) VALUES('2018-04-13', 2);
INSERT INTO Matches(MatchDate, TournamentId) VALUES('2018-04-21', 2);
INSERT INTO Matches(MatchDate, TournamentId) VALUES('2018-04-28', 2);
INSERT INTO Matches(MatchDate, TournamentId) VALUES('2018-05-06', 2);
INSERT INTO Matches(MatchDate, TournamentId) VALUES('2018-05-11', 2);
INSERT INTO Matches(MatchDate, TournamentId) VALUES('2017-09-21', 3);
INSERT INTO Matches(MatchDate, TournamentId) VALUES('2017-10-26', 3);

INSERT INTO MatchStats(MatchId, PlayerId, EventMinute, StatCode) VALUES(8, 9, 14, 'G');
INSERT INTO MatchStats(MatchId, PlayerId, EventMinute, StatCode) VALUES(8, 8, 14, 'A');
INSERT INTO MatchStats(MatchId, PlayerId, EventMinute, StatCode) VALUES(8, 3, 43, 'Y');
INSERT INTO MatchStats(MatchId, PlayerId, EventMinute, StatCode) VALUES(7, 2, 28, 'Y');
INSERT INTO MatchStats(MatchId, PlayerId, EventMinute, StatCode) VALUES(7, 10, 45, 'Y');
INSERT INTO MatchStats(MatchId, PlayerId, EventMinute, StatCode) VALUES(7, 10, 65, 'R');
INSERT INTO MatchStats(MatchId, PlayerId, EventMinute, StatCode) VALUES(1, 10, 23, 'G');
INSERT INTO MatchStats(MatchId, PlayerId, EventMinute, StatCode) VALUES(1, 9, 23, 'A');
INSERT INTO MatchStats(MatchId, PlayerId, EventMinute, StatCode) VALUES(1, 9, 43, 'G');
INSERT INTO MatchStats(MatchId, PlayerId, EventMinute, StatCode) VALUES(2, 4, 33, 'OG');
INSERT INTO MatchStats(MatchId, PlayerId, EventMinute, StatCode) VALUES(2, 9, 68, 'G');
INSERT INTO MatchStats(MatchId, PlayerId, EventMinute, StatCode) VALUES(2, 1, 68, 'A');
INSERT INTO MatchStats(MatchId, PlayerId, EventMinute, StatCode) VALUES(3, 3, 35, 'G');
INSERT INTO MatchStats(MatchId, PlayerId, EventMinute, StatCode) VALUES(3, 4, 35, 'A');
INSERT INTO MatchStats(MatchId, PlayerId, EventMinute, StatCode) VALUES(3, 8, 55, 'G');
INSERT INTO MatchStats(MatchId, PlayerId, EventMinute, StatCode) VALUES(3, 11, 55, 'A');
INSERT INTO MatchStats(MatchId, PlayerId, EventMinute, StatCode) VALUES(4, 3, 9, 'G');
INSERT INTO MatchStats(MatchId, PlayerId, EventMinute, StatCode) VALUES(4, 8, 9, 'G');
INSERT INTO MatchStats(MatchId, PlayerId, EventMinute, StatCode) VALUES(4, 8, 56, 'OG');
INSERT INTO MatchStats(MatchId, PlayerId, EventMinute, StatCode) VALUES(5, 8, 67, 'G');